,Player,Tm,G,Year,ID
57,Walt Hazzard,LAL,80,1966,abdulma01
11,Zelmo Beaty,STL,80,1966,beatyze01
51,Hal Greer,PHI,80,1966,greerha01
52,Richie Guerin,STL,80,1966,gueriri01
102,Adrian Smith,CIN,80,1966,smithad01
31,Billy Cunningham,PHI,80,1966,cunnibi01
104,Dave Stallworth,NYK,80,1966,stallda01
81,Eddie Miles,DET,80,1966,milesed01
38,Wayne Embry,CIN,80,1966,embrywa01
80,Tom Meschery,SFW,80,1966,meschto01
9,Rick Barry,SFW,80,1966,barryri01
67,K.C. Jones,BOS,80,1966,joneskc01
37,Leroy Ellis,LAL,80,1966,ellisle01
69,Wali Jones,PHI,80,1966,joneswa02
78,McCoy McLemore,SFW,80,1966,mclemmc01
73,Howard Komives,NYK,80,1966,komivho01
122,Chet Walker,PHI,80,1966,walkech01
105,Joe Strawder,DET,79,1966,strawjo01
56,Tom Hawkins,CIN,79,1966,hawkito01
98,Ray Scott,DET,79,1966,scottra01
65,Luke Jackson,PHI,79,1966,jackslu01
94,Guy Rodgers,SFW,79,1966,rodgegu01
1,Al Attles,SFW,79,1966,attleal01
32,Dave DeBusschere,DET,79,1966,debusda01
76,Jerry Lucas,CIN,79,1966,lucasje01
131,Jerry West,LAL,79,1966,westje01
117,Dick Van Arsdale,NYK,79,1966,vanardi01
27,Wilt Chamberlain,PHI,79,1966,chambwi01
118,Tom Van Arsdale,DET,79,1966,vanarto01
63,Bailey Howell,BAL,78,1966,howelba01
95,Bill Russell,BOS,78,1966,russebi01
15,Al Bianchi,PHI,78,1966,biancal01
17,Bob Boozer,LAL,78,1966,boozebo01
20,Bill Bridges,STL,78,1966,bridgbi01
64,Darrall Imhoff,LAL,77,1966,imhofda01
74,Rudy LaRusso,LAL,76,1966,larusru01
93,Oscar Robertson,CIN,76,1966,roberos01
92,Willis Reed,NYK,76,1966,reedwi01
71,Jim King,LAL,76,1966,kingji01
5,Dick Barnett,NYK,75,1966,barnedi01
84,Don Nelson,BOS,75,1966,nelsodo01
75,Kevin Loughery,BAL,74,1966,loughke01
53,Cliff Hagan,STL,74,1966,hagancl01
45,Tom Gola,NYK,74,1966,golato01
86,Don Ohl,BAL,73,1966,ohldo01
111,Nate Thurmond,SFW,73,1966,thurmna01
116,Jack Twyman,CIN,73,1966,twymaja01
49,Johnny Green,BAL,72,1966,greenjo01
77,Jon McGlocklin,CIN,72,1966,mcglojo01
54,Happy Hairston,CIN,72,1966,hairsha01
44,Dave Gambee,PHI,72,1966,gambeda01
14,Walt Bellamy,NYK,72,1966,bellawa01
96,Tom Sanders,BOS,72,1966,sandeto01
99,Larry Siegfried,BOS,71,1966,siegfla01
70,Red Kerr,BAL,71,1966,kerrre01
55,John Havlicek,BOS,71,1966,havlijo01
21,Em Bryant,NYK,71,1966,bryanem01
83,Willie Naulls,BOS,71,1966,naullwi01
112,Gene Tormohlen,STL,71,1966,tormobu01
29,Barry Clemens,NYK,70,1966,clemeba01
133,Lenny Wilkens,STL,69,1966,wilkele01
36,Johnny Egan,BAL,69,1966,eganjo01
132,Gene Wiley,LAL,67,1966,wileyge01
30,Mel Counts,BOS,67,1966,countme01
90,Gary Phillips,SFW,67,1966,phillga01
68,Sam Jones,BOS,67,1966,jonessa01
85,Paul Neumann,SFW,66,1966,neumapa01
123,Gerry Ward,PHI,66,1966,wardge01
4,Jim Barnes,BAL,66,1966,barneji01
42,Bob Ferry,BAL,66,1966,ferrybo01
46,Gail Goodrich,LAL,65,1966,goodrga01
128,Jim Washington,STL,65,1966,washiji01
10,Elgin Baylor,LAL,65,1966,bayloel01
39,Keith Erickson,SFW,64,1966,erickke01
72,Don Kojis,DET,60,1966,kojisdo01
101,Jerry Sloan,BAL,59,1966,sloanje01
33,Connie Dierking,CIN,57,1966,dierkco01
91,Ron Reed,DET,57,1966,reedro01
58,Fred Hetzel,SFW,56,1966,hetzefr01
126,Ben Warley,BAL,56,1966,warlebe01
89,Bud Olsen,SFW,55,1966,olsenbu01
106,Tom Thacker,CIN,50,1966,thackto01
134,George Wilson,CIN,47,1966,wilsoge01
26,Joe Caldwell,STL,46,1966,caldwjo01
110,Rod Thorn,STL,46,1966,thornro01
100,Paul Silas,STL,46,1966,silaspa01
115,John Tresvant,DET,46,1966,tresvjo01
28,Len Chappell,NYK,46,1966,chapple01
8,John Barnhill,DET,45,1966,barnhjo01
82,Jeff Mullins,STL,44,1966,mullije01
22,Bill Buntin,DET,42,1966,buntibi01
66,Gus Johnson,BAL,41,1966,johnsgu01
16,Ron Bonham,BOS,39,1966,bonharo01
97,Woody Sauldsberry,BOS,39,1966,sauldwo01
121,Chico Vaughn,DET,37,1966,vaughch01
40,John Fairchild,LAL,30,1966,faircjo01
62,Wayne Hightower,BAL,24,1966,hightwa01
23,Donnie Butcher,DET,15,1966,butchdo01
60,Art Heyman,CIN,11,1966,heymaar01
107,John Thompson,BOS,10,1966,thompjo01
127,Bob Warlick,DET,10,1966,warlibo01
50,Si Green,BOS,10,1966,greensi01
41,Mike Farmer,STL,9,1966,farmemi01
103,Willie Somerset,BAL,8,1966,somerwi01
130,Bob Weiss,PHI,7,1966,weissbo01
19,Jesse Branson,PHI,5,1966,bransje01
79,Thales McReynolds,BAL,5,1966,mcreyth01
18,Gary Bradds,BAL,3,1966,braddga01
0,Jay Arnette,CIN,3,1966,arnetja01
43,Will Frazier,SFW,2,1966,fraziwi01
129,Ron Watts,BOS,1,1966,wattsro01
